category,color,currentTrial,currentBlock,subject,curID,colorname
Yellow,106,0,0,1,18876,yellow
Red,30,1,0,1,18876,red
Green,150,2,0,1,18876,green
Purple,295,3,0,1,18876,purple
Orange,58,4,0,1,18876,orange
Blue,229,5,0,1,18876,blue
Pink,340,6,0,1,18876,pink
Brown,92,7,0,1,18876,brown
Brown,103,0,1,1,18876,brown
Pink,356,1,1,1,18876,pink
Orange,42,2,1,1,18876,orange
Red,15,3,1,1,18876,red
Purple,284,4,1,1,18876,purple
Green,157,5,1,1,18876,green
Blue,229,6,1,1,18876,blue
Yellow,112,7,1,1,18876,yellow
Green,154,0,0,3,19344,green
Purple,272,1,0,3,19344,purple
Pink,319,2,0,3,19344,pink
Orange,61,3,0,3,19344,orange
Yellow,117,4,0,3,19344,yellow
Blue,233,5,0,3,19344,blue
Brown,97,6,0,3,19344,brown
Red,22,7,0,3,19344,red
Red,46,0,1,3,19344,red
Blue,236,1,1,3,19344,blue
Brown,103,2,1,3,19344,brown
Pink,327,3,1,3,19344,pink
Purple,269,4,1,3,19344,purple
Yellow,113,5,1,3,19344,yellow
Orange,76,6,1,3,19344,orange
Green,157,7,1,3,19344,green
Green,158,0,0,4,19491,green
Pink,344,1,0,4,19491,pink
Brown,91,2,0,4,19491,brown
Yellow,111,3,0,4,19491,yellow
Blue,239,4,0,4,19491,blue
Red,32,5,0,4,19491,red
Orange,55,6,0,4,19491,orange
Purple,272,7,0,4,19491,purple
Blue,242,0,1,4,19491,blue
Orange,47,1,1,4,19491,orange
Yellow,108,2,1,4,19491,yellow
Purple,282,3,1,4,19491,purple
Pink,348,4,1,4,19491,pink
Green,164,5,1,4,19491,green
Brown,90,6,1,4,19491,brown
Red,41,7,1,4,19491,red
Green,151,0,0,5,19747,green
Brown,94,1,0,5,19747,brown
Orange,69,2,0,5,19747,orange
Yellow,97,3,0,5,19747,yellow
Purple,278,4,0,5,19747,purple
Red,33,5,0,5,19747,red
Blue,223,6,0,5,19747,blue
Pink,5,7,0,5,19747,pink
Purple,259,0,1,5,19747,purple
Pink,337,1,1,5,19747,pink
Blue,228,2,1,5,19747,blue
Brown,102,3,1,5,19747,brown
Yellow,84,4,1,5,19747,yellow
Red,36,5,1,5,19747,red
Green,151,6,1,5,19747,green
Orange,67,7,1,5,19747,orange
Green,166,0,0,6,20286,green
Orange,63,1,0,6,20286,orange
Brown,87,2,0,6,20286,brown
Blue,241,3,0,6,20286,blue
Purple,280,4,0,6,20286,purple
Pink,323,5,0,6,20286,pink
Red,15,6,0,6,20286,red
Yellow,108,7,0,6,20286,yellow
Blue,237,0,1,6,20286,blue
Orange,74,1,1,6,20286,orange
Purple,284,2,1,6,20286,purple
Brown,101,3,1,6,20286,brown
Green,164,4,1,6,20286,green
Pink,322,5,1,6,20286,pink
Red,24,6,1,6,20286,red
Yellow,115,7,1,6,20286,yellow
Pink,346,0,0,7,20293,pink
Blue,232,1,0,7,20293,blue
Green,162,2,0,7,20293,green
Yellow,106,3,0,7,20293,yellow
Orange,76,4,0,7,20293,orange
Purple,279,5,0,7,20293,purple
Red,49,6,0,7,20293,red
Brown,99,7,0,7,20293,brown
Pink,349,0,1,7,20293,pink
Blue,231,1,1,7,20293,blue
Green,155,2,1,7,20293,green
Purple,276,3,1,7,20293,purple
Red,46,4,1,7,20293,red
Yellow,112,5,1,7,20293,yellow
Orange,74,6,1,7,20293,orange
Brown,115,7,1,7,20293,brown
Red,32,0,0,8,20618,red
Blue,239,1,0,8,20618,blue
Orange,56,2,0,8,20618,orange
Yellow,104,3,0,8,20618,yellow
Green,148,4,0,8,20618,green
Pink,343,5,0,8,20618,pink
Brown,108,6,0,8,20618,brown
Purple,286,7,0,8,20618,purple
Pink,330,0,1,8,20618,pink
Yellow,94,1,1,8,20618,yellow
Blue,236,2,1,8,20618,blue
Red,37,3,1,8,20618,red
Purple,281,4,1,8,20618,purple
Brown,95,5,1,8,20618,brown
Green,146,6,1,8,20618,green
Orange,75,7,1,8,20618,orange
Pink,320,0,0,9,22809,pink
Red,30,1,0,9,22809,red
Purple,287,2,0,9,22809,purple
Yellow,99,3,0,9,22809,yellow
Blue,226,4,0,9,22809,blue
Brown,94,5,0,9,22809,brown
Green,156,6,0,9,22809,green
Orange,75,7,0,9,22809,orange
Blue,244,0,1,9,22809,blue
Green,163,1,1,9,22809,green
Brown,101,2,1,9,22809,brown
Purple,289,3,1,9,22809,purple
Yellow,116,4,1,9,22809,yellow
Orange,71,5,1,9,22809,orange
Red,42,6,1,9,22809,red
Pink,303,7,1,9,22809,pink
Yellow,117,0,0,10,22919,yellow
Pink,349,1,0,10,22919,pink
Orange,58,2,0,10,22919,orange
Blue,229,3,0,10,22919,blue
Purple,271,4,0,10,22919,purple
Green,167,5,0,10,22919,green
Brown,99,6,0,10,22919,brown
Red,41,7,0,10,22919,red
Red,37,0,1,10,22919,red
Green,161,1,1,10,22919,green
Purple,264,2,1,10,22919,purple
Pink,335,3,1,10,22919,pink
Blue,227,4,1,10,22919,blue
Orange,62,5,1,10,22919,orange
Brown,97,6,1,10,22919,brown
Yellow,109,7,1,10,22919,yellow
Red,41,0,0,11,23024,red
Yellow,112,1,0,11,23024,yellow
Orange,70,2,0,11,23024,orange
Purple,283,3,0,11,23024,purple
Brown,93,4,0,11,23024,brown
Blue,236,5,0,11,23024,blue
Pink,349,6,0,11,23024,pink
Green,155,7,0,11,23024,green
Blue,235,0,1,11,23024,blue
Green,165,1,1,11,23024,green
Yellow,124,2,1,11,23024,yellow
Red,46,3,1,11,23024,red
Pink,349,4,1,11,23024,pink
Orange,58,5,1,11,23024,orange
Purple,285,6,1,11,23024,purple
Brown,97,7,1,11,23024,brown
Brown,94,0,0,12,23036,brown
Yellow,109,1,0,12,23036,yellow
Red,48,2,0,12,23036,red
Pink,3,3,0,12,23036,pink
Green,165,4,0,12,23036,green
Purple,269,5,0,12,23036,purple
Blue,230,6,0,12,23036,blue
Orange,53,7,0,12,23036,orange
Purple,273,0,1,12,23036,purple
Brown,93,1,1,12,23036,brown
Blue,224,2,1,12,23036,blue
Red,41,3,1,12,23036,red
Pink,352,4,1,12,23036,pink
Green,165,5,1,12,23036,green
Orange,49,6,1,12,23036,orange
Yellow,117,7,1,12,23036,yellow
Pink,354,0,0,13,23700,pink
Blue,240,1,0,13,23700,blue
Brown,98,2,0,13,23700,brown
Orange,77,3,0,13,23700,orange
Red,43,4,0,13,23700,red
Yellow,111,5,0,13,23700,yellow
Green,140,6,0,13,23700,green
Purple,280,7,0,13,23700,purple
Blue,231,0,1,13,23700,blue
Pink,360,1,1,13,23700,pink
Brown,87,2,1,13,23700,brown
Green,154,3,1,13,23700,green
Red,37,4,1,13,23700,red
Yellow,110,5,1,13,23700,yellow
Orange,71,6,1,13,23700,orange
Purple,279,7,1,13,23700,purple
Brown,100,0,0,14,23868,brown
Green,155,1,0,14,23868,green
Pink,352,2,0,14,23868,pink
Purple,278,3,0,14,23868,purple
Blue,244,4,0,14,23868,blue
Yellow,96,5,0,14,23868,yellow
Red,35,6,0,14,23868,red
Orange,77,7,0,14,23868,orange
Red,30,0,1,14,23868,red
Yellow,90,1,1,14,23868,yellow
Pink,352,2,1,14,23868,pink
Brown,100,3,1,14,23868,brown
Green,166,4,1,14,23868,green
Blue,222,5,1,14,23868,blue
Purple,284,6,1,14,23868,purple
Orange,70,7,1,14,23868,orange
Purple,290,0,0,15,24410,purple
Orange,67,1,0,15,24410,orange
Red,48,2,0,15,24410,red
Yellow,92,3,0,15,24410,yellow
Pink,26,4,0,15,24410,pink
Green,145,5,0,15,24410,green
Blue,247,6,0,15,24410,blue
Brown,92,7,0,15,24410,brown
Green,147,0,1,15,24410,green
Pink,26,1,1,15,24410,pink
Yellow,88,2,1,15,24410,yellow
Red,38,3,1,15,24410,red
Blue,251,4,1,15,24410,blue
Orange,68,5,1,15,24410,orange
Brown,108,6,1,15,24410,brown
Purple,296,7,1,15,24410,purple
Pink,7,0,0,16,24664,pink
Yellow,104,1,0,16,24664,yellow
Purple,276,2,0,16,24664,purple
Blue,238,3,0,16,24664,blue
Red,32,4,0,16,24664,red
Orange,61,5,0,16,24664,orange
Green,135,6,0,16,24664,green
Brown,95,7,0,16,24664,brown
Red,33,0,1,16,24664,red
Purple,280,1,1,16,24664,purple
Blue,233,2,1,16,24664,blue
Green,156,3,1,16,24664,green
Pink,353,4,1,16,24664,pink
Brown,97,5,1,16,24664,brown
Yellow,93,6,1,16,24664,yellow
Orange,78,7,1,16,24664,orange
Purple,267,0,0,17,24907,purple
Brown,104,1,0,17,24907,brown
Orange,60,2,0,17,24907,orange
Blue,228,3,0,17,24907,blue
Pink,336,4,0,17,24907,pink
Red,31,5,0,17,24907,red
Green,158,6,0,17,24907,green
Yellow,108,7,0,17,24907,yellow
Pink,13,0,1,17,24907,pink
Purple,271,1,1,17,24907,purple
Orange,71,2,1,17,24907,orange
Red,39,3,1,17,24907,red
Brown,110,4,1,17,24907,brown
Yellow,97,5,1,17,24907,yellow
Blue,239,6,1,17,24907,blue
Green,160,7,1,17,24907,green
Pink,348,0,0,18,24933,pink
Orange,68,1,0,18,24933,orange
Blue,239,2,0,18,24933,blue
Yellow,103,3,0,18,24933,yellow
Purple,292,4,0,18,24933,purple
Brown,98,5,0,18,24933,brown
Green,155,6,0,18,24933,green
Red,34,7,0,18,24933,red
Green,158,0,1,18,24933,green
Pink,335,1,1,18,24933,pink
Purple,296,2,1,18,24933,purple
Yellow,98,3,1,18,24933,yellow
Blue,230,4,1,18,24933,blue
Red,48,5,1,18,24933,red
Brown,93,6,1,18,24933,brown
Orange,60,7,1,18,24933,orange
Red,33,0,0,19,25372,red
Pink,337,1,0,19,25372,pink
Green,168,2,0,19,25372,green
Brown,91,3,0,19,25372,brown
Purple,281,4,0,19,25372,purple
Yellow,124,5,0,19,25372,yellow
Blue,228,6,0,19,25372,blue
Orange,66,7,0,19,25372,orange
Purple,289,0,1,19,25372,purple
Orange,57,1,1,19,25372,orange
Green,172,2,1,19,25372,green
Brown,91,3,1,19,25372,brown
Pink,321,4,1,19,25372,pink
Yellow,123,5,1,19,25372,yellow
Red,31,6,1,19,25372,red
Blue,239,7,1,19,25372,blue
Brown,89,0,0,20,25477,brown
Green,158,1,0,20,25477,green
Purple,275,2,0,20,25477,purple
Yellow,94,3,0,20,25477,yellow
Blue,229,4,0,20,25477,blue
Red,38,5,0,20,25477,red
Orange,63,6,0,20,25477,orange
Pink,333,7,0,20,25477,pink
Pink,335,0,1,20,25477,pink
Orange,54,1,1,20,25477,orange
Brown,100,2,1,20,25477,brown
Green,159,3,1,20,25477,green
Red,32,4,1,20,25477,red
Blue,235,5,1,20,25477,blue
Yellow,83,6,1,20,25477,yellow
Purple,284,7,1,20,25477,purple
Orange,65,0,0,21,25486,orange
Blue,233,1,0,21,25486,blue
Pink,353,2,0,21,25486,pink
Purple,297,3,0,21,25486,purple
Green,179,4,0,21,25486,green
Brown,105,5,0,21,25486,brown
Yellow,120,6,0,21,25486,yellow
Red,46,7,0,21,25486,red
Brown,104,0,1,21,25486,brown
Yellow,124,1,1,21,25486,yellow
Pink,341,2,1,21,25486,pink
Orange,62,3,1,21,25486,orange
Purple,295,4,1,21,25486,purple
Blue,245,5,1,21,25486,blue
Red,32,6,1,21,25486,red
Green,192,7,1,21,25486,green
Red,33,0,0,22,25572,red
Brown,82,1,0,22,25572,brown
Pink,349,2,0,22,25572,pink
Purple,273,3,0,22,25572,purple
Yellow,110,4,0,22,25572,yellow
Orange,68,5,0,22,25572,orange
Blue,222,6,0,22,25572,blue
Green,164,7,0,22,25572,green
Yellow,111,0,1,22,25572,yellow
Pink,329,1,1,22,25572,pink
Blue,230,2,1,22,25572,blue
Brown,91,3,1,22,25572,brown
Red,31,4,1,22,25572,red
Green,162,5,1,22,25572,green
Orange,60,6,1,22,25572,orange
Purple,279,7,1,22,25572,purple
Pink,333,0,0,23,25794,pink
Purple,286,1,0,23,25794,purple
Blue,240,2,0,23,25794,blue
Yellow,112,3,0,23,25794,yellow
Red,45,4,0,23,25794,red
Orange,78,5,0,23,25794,orange
Green,152,6,0,23,25794,green
Brown,97,7,0,23,25794,brown
Orange,62,0,1,23,25794,orange
Blue,240,1,1,23,25794,blue
Pink,341,2,1,23,25794,pink
Yellow,111,3,1,23,25794,yellow
Purple,282,4,1,23,25794,purple
Red,38,5,1,23,25794,red
Brown,94,6,1,23,25794,brown
Green,159,7,1,23,25794,green
Green,161,0,0,24,25805,green
Yellow,101,1,0,24,25805,yellow
Orange,71,2,0,24,25805,orange
Purple,274,3,0,24,25805,purple
Red,34,4,0,24,25805,red
Brown,98,5,0,24,25805,brown
Pink,355,6,0,24,25805,pink
Blue,230,7,0,24,25805,blue
Green,172,0,1,24,25805,green
Red,37,1,1,24,25805,red
Yellow,108,2,1,24,25805,yellow
Pink,349,3,1,24,25805,pink
Purple,276,4,1,24,25805,purple
Brown,99,5,1,24,25805,brown
Blue,236,6,1,24,25805,blue
Orange,62,7,1,24,25805,orange
Brown,98,0,0,25,25961,brown
Green,150,1,0,25,25961,green
Orange,59,2,0,25,25961,orange
Yellow,117,3,0,25,25961,yellow
Pink,319,4,0,25,25961,pink
Red,13,5,0,25,25961,red
Purple,274,6,0,25,25961,purple
Blue,239,7,0,25,25961,blue
Pink,314,0,1,25,25961,pink
Orange,60,1,1,25,25961,orange
Red,25,2,1,25,25961,red
Purple,281,3,1,25,25961,purple
Brown,100,4,1,25,25961,brown
Green,155,5,1,25,25961,green
Blue,232,6,1,25,25961,blue
Yellow,113,7,1,25,25961,yellow
Orange,78,0,0,26,26805,orange
Brown,97,1,0,26,26805,brown
Red,37,2,0,26,26805,red
Yellow,79,3,0,26,26805,yellow
Green,158,4,0,26,26805,green
Blue,235,5,0,26,26805,blue
Pink,347,6,0,26,26805,pink
Purple,281,7,0,26,26805,purple
Brown,95,0,1,26,26805,brown
Blue,241,1,1,26,26805,blue
Pink,344,2,1,26,26805,pink
Purple,281,3,1,26,26805,purple
Yellow,85,4,1,26,26805,yellow
Red,44,5,1,26,26805,red
Green,158,6,1,26,26805,green
Orange,72,7,1,26,26805,orange
Brown,100,0,0,27,26881,brown
Red,60,1,0,27,26881,red
Orange,71,2,0,27,26881,orange
Pink,334,3,0,27,26881,pink
Yellow,107,4,0,27,26881,yellow
Purple,276,5,0,27,26881,purple
Blue,232,6,0,27,26881,blue
Green,144,7,0,27,26881,green
Pink,336,0,1,27,26881,pink
Orange,66,1,1,27,26881,orange
Yellow,93,2,1,27,26881,yellow
Blue,226,3,1,27,26881,blue
Purple,274,4,1,27,26881,purple
Green,133,5,1,27,26881,green
Brown,103,6,1,27,26881,brown
Red,56,7,1,27,26881,red
Orange,64,0,0,28,26882,orange
Yellow,110,1,0,28,26882,yellow
Purple,289,2,0,28,26882,purple
Red,32,3,0,28,26882,red
Green,162,4,0,28,26882,green
Pink,346,5,0,28,26882,pink
Blue,234,6,0,28,26882,blue
Brown,100,7,0,28,26882,brown
Blue,237,0,1,28,26882,blue
Green,164,1,1,28,26882,green
Brown,96,2,1,28,26882,brown
Pink,339,3,1,28,26882,pink
Purple,293,4,1,28,26882,purple
Red,45,5,1,28,26882,red
Orange,63,6,1,28,26882,orange
Yellow,118,7,1,28,26882,yellow
Yellow,115,0,0,29,26897,yellow
Brown,102,1,0,29,26897,brown
Red,41,2,0,29,26897,red
Purple,277,3,0,29,26897,purple
Orange,77,4,0,29,26897,orange
Green,139,5,0,29,26897,green
Blue,223,6,0,29,26897,blue
Pink,352,7,0,29,26897,pink
Green,149,0,1,29,26897,green
Purple,283,1,1,29,26897,purple
Pink,6,2,1,29,26897,pink
Brown,98,3,1,29,26897,brown
Orange,58,4,1,29,26897,orange
Yellow,109,5,1,29,26897,yellow
Blue,237,6,1,29,26897,blue
Red,44,7,1,29,26897,red
Pink,338,0,0,30,26968,pink
Red,30,1,0,30,26968,red
Brown,98,2,0,30,26968,brown
Purple,280,3,0,30,26968,purple
Yellow,105,4,0,30,26968,yellow
Orange,62,5,0,30,26968,orange
Green,175,6,0,30,26968,green
Blue,231,7,0,30,26968,blue
Yellow,107,0,1,30,26968,yellow
Purple,294,1,1,30,26968,purple
Pink,346,2,1,30,26968,pink
Orange,63,3,1,30,26968,orange
Brown,105,4,1,30,26968,brown
Red,36,5,1,30,26968,red
Green,169,6,1,30,26968,green
Blue,244,7,1,30,26968,blue
Brown,84,0,0,31,27041,brown
Blue,208,1,0,31,27041,blue
Green,162,2,0,31,27041,green
Pink,355,3,0,31,27041,pink
Red,48,4,0,31,27041,red
Purple,304,5,0,31,27041,purple
Yellow,97,6,0,31,27041,yellow
Orange,71,7,0,31,27041,orange
Orange,87,0,1,31,27041,orange
Pink,343,1,1,31,27041,pink
Brown,95,2,1,31,27041,brown
Green,157,3,1,31,27041,green
Blue,215,4,1,31,27041,blue
Purple,299,5,1,31,27041,purple
Red,46,6,1,31,27041,red
Yellow,109,7,1,31,27041,yellow
Brown,82,0,0,32,27058,brown
Red,39,1,0,32,27058,red
Orange,68,2,0,32,27058,orange
Purple,274,3,0,32,27058,purple
Yellow,111,4,0,32,27058,yellow
Blue,234,5,0,32,27058,blue
Green,165,6,0,32,27058,green
Pink,341,7,0,32,27058,pink
Blue,232,0,1,32,27058,blue
Orange,66,1,1,32,27058,orange
Purple,287,2,1,32,27058,purple
Yellow,93,3,1,32,27058,yellow
Red,34,4,1,32,27058,red
Green,160,5,1,32,27058,green
Brown,93,6,1,32,27058,brown
Pink,348,7,1,32,27058,pink
Green,167,0,0,33,27086,green
Yellow,113,1,0,33,27086,yellow
Red,49,2,0,33,27086,red
Orange,72,3,0,33,27086,orange
Pink,354,4,0,33,27086,pink
Blue,249,5,0,33,27086,blue
Brown,93,6,0,33,27086,brown
Purple,269,7,0,33,27086,purple
Green,164,0,1,33,27086,green
Purple,265,1,1,33,27086,purple
Red,54,2,1,33,27086,red
Brown,102,3,1,33,27086,brown
Orange,66,4,1,33,27086,orange
Pink,359,5,1,33,27086,pink
Yellow,108,6,1,33,27086,yellow
Blue,251,7,1,33,27086,blue
Green,158,0,0,34,27161,green
Yellow,98,1,0,34,27161,yellow
Purple,267,2,0,34,27161,purple
Orange,65,3,0,34,27161,orange
Red,46,4,0,34,27161,red
Brown,101,5,0,34,27161,brown
Blue,233,6,0,34,27161,blue
Pink,324,7,0,34,27161,pink
Pink,329,0,1,34,27161,pink
Orange,57,1,1,34,27161,orange
Purple,265,2,1,34,27161,purple
Red,34,3,1,34,27161,red
Green,159,4,1,34,27161,green
Blue,226,5,1,34,27161,blue
Brown,105,6,1,34,27161,brown
Yellow,94,7,1,34,27161,yellow
Purple,281,0,0,35,27240,purple
Yellow,103,1,0,35,27240,yellow
Red,44,2,0,35,27240,red
Pink,330,3,0,35,27240,pink
Blue,243,4,0,35,27240,blue
Brown,101,5,0,35,27240,brown
Green,149,6,0,35,27240,green
Orange,73,7,0,35,27240,orange
Red,44,0,1,35,27240,red
Green,155,1,1,35,27240,green
Yellow,116,2,1,35,27240,yellow
Pink,336,3,1,35,27240,pink
Brown,102,4,1,35,27240,brown
Orange,70,5,1,35,27240,orange
Purple,272,6,1,35,27240,purple
Blue,248,7,1,35,27240,blue
Orange,59,0,0,36,27244,orange
Purple,276,1,0,36,27244,purple
Red,24,2,0,36,27244,red
Blue,224,3,0,36,27244,blue
Pink,354,4,0,36,27244,pink
Green,165,5,0,36,27244,green
Brown,77,6,0,36,27244,brown
Yellow,75,7,0,36,27244,yellow
Green,154,0,1,36,27244,green
Blue,242,1,1,36,27244,blue
Yellow,101,2,1,36,27244,yellow
Purple,272,3,1,36,27244,purple
Pink,356,4,1,36,27244,pink
Brown,72,5,1,36,27244,brown
Red,36,6,1,36,27244,red
Orange,50,7,1,36,27244,orange
Pink,339,0,0,37,27261,pink
Blue,230,1,0,37,27261,blue
Green,171,2,0,37,27261,green
Yellow,103,3,0,37,27261,yellow
Brown,87,4,0,37,27261,brown
Purple,272,5,0,37,27261,purple
Orange,66,6,0,37,27261,orange
Red,37,7,0,37,27261,red
Yellow,96,0,1,37,27261,yellow
Green,184,1,1,37,27261,green
Orange,67,2,1,37,27261,orange
Blue,243,3,1,37,27261,blue
Purple,277,4,1,37,27261,purple
Red,45,5,1,37,27261,red
Brown,76,6,1,37,27261,brown
Pink,332,7,1,37,27261,pink
Red,37,0,0,38,27344,red
Blue,228,1,0,38,27344,blue
Brown,106,2,0,38,27344,brown
Green,157,3,0,38,27344,green
Purple,284,4,0,38,27344,purple
Yellow,99,5,0,38,27344,yellow
Orange,71,6,0,38,27344,orange
Pink,344,7,0,38,27344,pink
Purple,283,0,1,38,27344,purple
Blue,240,1,1,38,27344,blue
Brown,108,2,1,38,27344,brown
Yellow,100,3,1,38,27344,yellow
Orange,70,4,1,38,27344,orange
Pink,344,5,1,38,27344,pink
Red,28,6,1,38,27344,red
Green,160,7,1,38,27344,green
Orange,62,0,0,39,27376,orange
Yellow,84,1,0,39,27376,yellow
Pink,340,2,0,39,27376,pink
Purple,268,3,0,39,27376,purple
Brown,98,4,0,39,27376,brown
Red,45,5,0,39,27376,red
Green,162,6,0,39,27376,green
Blue,234,7,0,39,27376,blue
Orange,63,0,1,39,27376,orange
Yellow,73,1,1,39,27376,yellow
Blue,246,2,1,39,27376,blue
Purple,272,3,1,39,27376,purple
Red,32,4,1,39,27376,red
Brown,99,5,1,39,27376,brown
Green,173,6,1,39,27376,green
Pink,347,7,1,39,27376,pink
Blue,205,0,0,40,27437,blue
Red,35,1,0,40,27437,red
Brown,90,2,0,40,27437,brown
Purple,269,3,0,40,27437,purple
Pink,312,4,0,40,27437,pink
Green,176,5,0,40,27437,green
Yellow,114,6,0,40,27437,yellow
Orange,70,7,0,40,27437,orange
Purple,284,0,1,40,27437,purple
Orange,70,1,1,40,27437,orange
Brown,95,2,1,40,27437,brown
Blue,235,3,1,40,27437,blue
Pink,317,4,1,40,27437,pink
Yellow,114,5,1,40,27437,yellow
Red,44,6,1,40,27437,red
Green,154,7,1,40,27437,green
Purple,288,0,0,41,27471,purple
Yellow,92,1,0,41,27471,yellow
Blue,236,2,0,41,27471,blue
Red,36,3,0,41,27471,red
Brown,96,4,0,41,27471,brown
Green,163,5,0,41,27471,green
Pink,346,6,0,41,27471,pink
Orange,66,7,0,41,27471,orange
Purple,276,0,1,41,27471,purple
Orange,80,1,1,41,27471,orange
Pink,5,2,1,41,27471,pink
Green,167,3,1,41,27471,green
Brown,91,4,1,41,27471,brown
Red,43,5,1,41,27471,red
Yellow,101,6,1,41,27471,yellow
Blue,223,7,1,41,27471,blue
Blue,243,0,0,42,27488,blue
Yellow,105,1,0,42,27488,yellow
Red,46,2,0,42,27488,red
Brown,71,3,0,42,27488,brown
Orange,67,4,0,42,27488,orange
Purple,297,5,0,42,27488,purple
Pink,1,6,0,42,27488,pink
Green,135,7,0,42,27488,green
Brown,106,0,1,42,27488,brown
Yellow,99,1,1,42,27488,yellow
Red,44,2,1,42,27488,red
Purple,264,3,1,42,27488,purple
Pink,357,4,1,42,27488,pink
Orange,53,5,1,42,27488,orange
Green,166,6,1,42,27488,green
Blue,229,7,1,42,27488,blue
Brown,101,0,0,43,27620,brown
Orange,67,1,0,43,27620,orange
Purple,274,2,0,43,27620,purple
Red,37,3,0,43,27620,red
Blue,230,4,0,43,27620,blue
Yellow,85,5,0,43,27620,yellow
Green,149,6,0,43,27620,green
Pink,317,7,0,43,27620,pink
Blue,235,0,1,43,27620,blue
Brown,109,1,1,43,27620,brown
Purple,270,2,1,43,27620,purple
Yellow,112,3,1,43,27620,yellow
Orange,69,4,1,43,27620,orange
Pink,322,5,1,43,27620,pink
Green,150,6,1,43,27620,green
Red,31,7,1,43,27620,red
Brown,90,0,0,44,27805,brown
Pink,327,1,0,44,27805,pink
Orange,56,2,0,44,27805,orange
Purple,295,3,0,44,27805,purple
Green,170,4,0,44,27805,green
Red,29,5,0,44,27805,red
Yellow,110,6,0,44,27805,yellow
Blue,245,7,0,44,27805,blue
Orange,82,0,1,44,27805,orange
Brown,98,1,1,44,27805,brown
Pink,328,2,1,44,27805,pink
Green,165,3,1,44,27805,green
Red,37,4,1,44,27805,red
Yellow,116,5,1,44,27805,yellow
Blue,239,6,1,44,27805,blue
Purple,280,7,1,44,27805,purple
Purple,295,0,0,45,27814,purple
Orange,63,1,0,45,27814,orange
Red,39,2,0,45,27814,red
Yellow,83,3,0,45,27814,yellow
Brown,69,4,0,45,27814,brown
Green,148,5,0,45,27814,green
Blue,220,6,0,45,27814,blue
Pink,357,7,0,45,27814,pink
Orange,61,0,1,45,27814,orange
Green,152,1,1,45,27814,green
Pink,337,2,1,45,27814,pink
Blue,212,3,1,45,27814,blue
Red,37,4,1,45,27814,red
Purple,283,5,1,45,27814,purple
Yellow,91,6,1,45,27814,yellow
Brown,88,7,1,45,27814,brown
Purple,290,0,0,46,27855,purple
Green,170,1,0,46,27855,green
Brown,107,2,0,46,27855,brown
Orange,49,3,0,46,27855,orange
Red,36,4,0,46,27855,red
Yellow,96,5,0,46,27855,yellow
Pink,2,6,0,46,27855,pink
Blue,240,7,0,46,27855,blue
Orange,46,0,1,46,27855,orange
Purple,269,1,1,46,27855,purple
Blue,234,2,1,46,27855,blue
Pink,349,3,1,46,27855,pink
Brown,99,4,1,46,27855,brown
Red,47,5,1,46,27855,red
Green,166,6,1,46,27855,green
Yellow,111,7,1,46,27855,yellow
Yellow,100,0,0,47,28045,yellow
Orange,72,1,0,47,28045,orange
Red,40,2,0,47,28045,red
Blue,230,3,0,47,28045,blue
Green,164,4,0,47,28045,green
Pink,344,5,0,47,28045,pink
Purple,291,6,0,47,28045,purple
Brown,88,7,0,47,28045,brown
Red,32,0,1,47,28045,red
Orange,61,1,1,47,28045,orange
Brown,77,2,1,47,28045,brown
Yellow,87,3,1,47,28045,yellow
Blue,239,4,1,47,28045,blue
Green,176,5,1,47,28045,green
Pink,349,6,1,47,28045,pink
Purple,295,7,1,47,28045,purple
Brown,98,0,0,48,28203,brown
Red,42,1,0,48,28203,red
Yellow,111,2,0,48,28203,yellow
Green,149,3,0,48,28203,green
Purple,297,4,0,48,28203,purple
Blue,231,5,0,48,28203,blue
Orange,77,6,0,48,28203,orange
Pink,351,7,0,48,28203,pink
Pink,345,0,1,48,28203,pink
Brown,91,1,1,48,28203,brown
Blue,229,2,1,48,28203,blue
Orange,65,3,1,48,28203,orange
Green,148,4,1,48,28203,green
Purple,296,5,1,48,28203,purple
Red,29,6,1,48,28203,red
Yellow,114,7,1,48,28203,yellow
Orange,81,0,0,49,28236,orange
Blue,235,1,0,49,28236,blue
Brown,96,2,0,49,28236,brown
Pink,340,3,0,49,28236,pink
Yellow,114,4,0,49,28236,yellow
Purple,285,5,0,49,28236,purple
Red,37,6,0,49,28236,red
Green,152,7,0,49,28236,green
Purple,271,0,1,49,28236,purple
Blue,237,1,1,49,28236,blue
Red,33,2,1,49,28236,red
Brown,100,3,1,49,28236,brown
Yellow,114,4,1,49,28236,yellow
Pink,353,5,1,49,28236,pink
Green,153,6,1,49,28236,green
Orange,70,7,1,49,28236,orange
Brown,91,0,0,50,29020,brown
Yellow,87,1,0,50,29020,yellow
Pink,334,2,0,50,29020,pink
Purple,277,3,0,50,29020,purple
Red,36,4,0,50,29020,red
Green,159,5,0,50,29020,green
Blue,228,6,0,50,29020,blue
Orange,65,7,0,50,29020,orange
Pink,335,0,1,50,29020,pink
Green,159,1,1,50,29020,green
Blue,229,2,1,50,29020,blue
Yellow,83,3,1,50,29020,yellow
Brown,88,4,1,50,29020,brown
Red,40,5,1,50,29020,red
Purple,277,6,1,50,29020,purple
Orange,65,7,1,50,29020,orange
Pink,349,0,0,51,29045,pink
Blue,240,1,0,51,29045,blue
Yellow,111,2,0,51,29045,yellow
Green,163,3,0,51,29045,green
Orange,54,4,0,51,29045,orange
Red,37,5,0,51,29045,red
Brown,88,6,0,51,29045,brown
Purple,296,7,0,51,29045,purple
Green,157,0,1,51,29045,green
Orange,63,1,1,51,29045,orange
Blue,228,2,1,51,29045,blue
Purple,279,3,1,51,29045,purple
Red,31,4,1,51,29045,red
Yellow,107,5,1,51,29045,yellow
Brown,87,6,1,51,29045,brown
Pink,347,7,1,51,29045,pink
Purple,283,0,0,52,29327,purple
Red,32,1,0,52,29327,red
Yellow,123,2,0,52,29327,yellow
Brown,95,3,0,52,29327,brown
Orange,68,4,0,52,29327,orange
Pink,346,5,0,52,29327,pink
Blue,237,6,0,52,29327,blue
Green,168,7,0,52,29327,green
Brown,103,0,1,52,29327,brown
Pink,350,1,1,52,29327,pink
Green,158,2,1,52,29327,green
Orange,59,3,1,52,29327,orange
Red,41,4,1,52,29327,red
Yellow,112,5,1,52,29327,yellow
Blue,234,6,1,52,29327,blue
Purple,295,7,1,52,29327,purple
Yellow,97,0,0,53,29949,yellow
Green,161,1,0,53,29949,green
Red,26,2,0,53,29949,red
Brown,113,3,0,53,29949,brown
Pink,356,4,0,53,29949,pink
Blue,244,5,0,53,29949,blue
Orange,56,6,0,53,29949,orange
Purple,312,7,0,53,29949,purple
Pink,344,0,1,53,29949,pink
Green,137,1,1,53,29949,green
Orange,63,2,1,53,29949,orange
Brown,84,3,1,53,29949,brown
Blue,226,4,1,53,29949,blue
Yellow,104,5,1,53,29949,yellow
Red,36,6,1,53,29949,red
Purple,292,7,1,53,29949,purple
Orange,58,0,0,54,30040,orange
Yellow,107,1,0,54,30040,yellow
Red,31,2,0,54,30040,red
Pink,330,3,0,54,30040,pink
Brown,89,4,0,54,30040,brown
Purple,269,5,0,54,30040,purple
Green,164,6,0,54,30040,green
Blue,230,7,0,54,30040,blue
Blue,229,0,1,54,30040,blue
Green,171,1,1,54,30040,green
Pink,336,2,1,54,30040,pink
Orange,69,3,1,54,30040,orange
Purple,267,4,1,54,30040,purple
Brown,84,5,1,54,30040,brown
Yellow,114,6,1,54,30040,yellow
Red,20,7,1,54,30040,red
Red,8,0,0,55,30098,red
Yellow,106,1,0,55,30098,yellow
Blue,240,2,0,55,30098,blue
Orange,59,3,0,55,30098,orange
Pink,348,4,0,55,30098,pink
Brown,99,5,0,55,30098,brown
Purple,283,6,0,55,30098,purple
Green,169,7,0,55,30098,green
Green,162,0,1,55,30098,green
Blue,242,1,1,55,30098,blue
Pink,337,2,1,55,30098,pink
Orange,75,3,1,55,30098,orange
Brown,105,4,1,55,30098,brown
Red,21,5,1,55,30098,red
Purple,273,6,1,55,30098,purple
Yellow,116,7,1,55,30098,yellow
Orange,65,0,0,56,30823,orange
Purple,269,1,0,56,30823,purple
Blue,217,2,0,56,30823,blue
Pink,308,3,0,56,30823,pink
Yellow,99,4,0,56,30823,yellow
Brown,90,5,0,56,30823,brown
Green,161,6,0,56,30823,green
Red,39,7,0,56,30823,red
Brown,90,0,1,56,30823,brown
Purple,267,1,1,56,30823,purple
Orange,55,2,1,56,30823,orange
Blue,221,3,1,56,30823,blue
Pink,320,4,1,56,30823,pink
Green,158,5,1,56,30823,green
Red,32,6,1,56,30823,red
Yellow,93,7,1,56,30823,yellow
Red,33,0,0,57,30913,red
Purple,285,1,0,57,30913,purple
Green,148,2,0,57,30913,green
Brown,95,3,0,57,30913,brown
Pink,335,4,0,57,30913,pink
Blue,226,5,0,57,30913,blue
Yellow,79,6,0,57,30913,yellow
Orange,61,7,0,57,30913,orange
Red,41,0,1,57,30913,red
Orange,59,1,1,57,30913,orange
Green,145,2,1,57,30913,green
Blue,223,3,1,57,30913,blue
Yellow,77,4,1,57,30913,yellow
Brown,89,5,1,57,30913,brown
Pink,343,6,1,57,30913,pink
Purple,285,7,1,57,30913,purple
Purple,275,0,0,58,31107,purple
Blue,243,1,0,58,31107,blue
Pink,332,2,0,58,31107,pink
Green,178,3,0,58,31107,green
Orange,63,4,0,58,31107,orange
Yellow,101,5,0,58,31107,yellow
Brown,110,6,0,58,31107,brown
Red,27,7,0,58,31107,red
Blue,244,0,1,58,31107,blue
Yellow,101,1,1,58,31107,yellow
Pink,338,2,1,58,31107,pink
Purple,282,3,1,58,31107,purple
Orange,66,4,1,58,31107,orange
Red,31,5,1,58,31107,red
Brown,106,6,1,58,31107,brown
Green,166,7,1,58,31107,green
Pink,347,0,0,59,31453,pink
Red,39,1,0,59,31453,red
Purple,279,2,0,59,31453,purple
Orange,55,3,0,59,31453,orange
Blue,235,4,0,59,31453,blue
Brown,94,5,0,59,31453,brown
Green,155,6,0,59,31453,green
Yellow,113,7,0,59,31453,yellow
Pink,341,0,1,59,31453,pink
Brown,96,1,1,59,31453,brown
Purple,284,2,1,59,31453,purple
Blue,249,3,1,59,31453,blue
Yellow,108,4,1,59,31453,yellow
Green,157,5,1,59,31453,green
Orange,62,6,1,59,31453,orange
Red,44,7,1,59,31453,red
Blue,235,0,0,60,31477,blue
Orange,71,1,0,60,31477,orange
Green,152,2,0,60,31477,green
Purple,269,3,0,60,31477,purple
Pink,314,4,0,60,31477,pink
Brown,109,5,0,60,31477,brown
Red,48,6,0,60,31477,red
Yellow,102,7,0,60,31477,yellow
Pink,334,0,1,60,31477,pink
Green,152,1,1,60,31477,green
Blue,237,2,1,60,31477,blue
Orange,63,3,1,60,31477,orange
Purple,276,4,1,60,31477,purple
Yellow,113,5,1,60,31477,yellow
Red,39,6,1,60,31477,red
Brown,102,7,1,60,31477,brown
Pink,346,0,0,61,31481,pink
Green,153,1,0,61,31481,green
Orange,76,2,0,61,31481,orange
Yellow,98,3,0,61,31481,yellow
Blue,228,4,0,61,31481,blue
Brown,105,5,0,61,31481,brown
Purple,296,6,0,61,31481,purple
Red,28,7,0,61,31481,red
Blue,233,0,1,61,31481,blue
Purple,288,1,1,61,31481,purple
Pink,346,2,1,61,31481,pink
Brown,106,3,1,61,31481,brown
Red,31,4,1,61,31481,red
Green,161,5,1,61,31481,green
Yellow,101,6,1,61,31481,yellow
Orange,70,7,1,61,31481,orange
Brown,98,0,0,62,31520,brown
Green,155,1,0,62,31520,green
Orange,75,2,0,62,31520,orange
Purple,281,3,0,62,31520,purple
Blue,241,4,0,62,31520,blue
Red,36,5,0,62,31520,red
Yellow,108,6,0,62,31520,yellow
Pink,336,7,0,62,31520,pink
Brown,97,0,1,62,31520,brown
Orange,73,1,1,62,31520,orange
Purple,283,2,1,62,31520,purple
Blue,244,3,1,62,31520,blue
Red,38,4,1,62,31520,red
Pink,345,5,1,62,31520,pink
Yellow,98,6,1,62,31520,yellow
Green,158,7,1,62,31520,green
Green,163,0,0,63,31531,green
Yellow,104,1,0,63,31531,yellow
Brown,106,2,0,63,31531,brown
Red,62,3,0,63,31531,red
Orange,76,4,0,63,31531,orange
Purple,282,5,0,63,31531,purple
Blue,221,6,0,63,31531,blue
Pink,324,7,0,63,31531,pink
Brown,101,0,1,63,31531,brown
Blue,224,1,1,63,31531,blue
Green,161,2,1,63,31531,green
Red,45,3,1,63,31531,red
Orange,73,4,1,63,31531,orange
Pink,332,5,1,63,31531,pink
Yellow,100,6,1,63,31531,yellow
Purple,282,7,1,63,31531,purple
Purple,283,0,0,64,31566,purple
Blue,235,1,0,64,31566,blue
Brown,124,2,0,64,31566,brown
Red,37,3,0,64,31566,red
Orange,58,4,0,64,31566,orange
Pink,344,5,0,64,31566,pink
Green,154,6,0,64,31566,green
Yellow,101,7,0,64,31566,yellow
Blue,240,0,1,64,31566,blue
Red,27,1,1,64,31566,red
Pink,344,2,1,64,31566,pink
Purple,284,3,1,64,31566,purple
Green,155,4,1,64,31566,green
Yellow,112,5,1,64,31566,yellow
Orange,61,6,1,64,31566,orange
Brown,121,7,1,64,31566,brown
Purple,290,0,0,65,31582,purple
Blue,239,1,0,65,31582,blue
Brown,98,2,0,65,31582,brown
Orange,55,3,0,65,31582,orange
Red,38,4,0,65,31582,red
Pink,349,5,0,65,31582,pink
Yellow,109,6,0,65,31582,yellow
Green,177,7,0,65,31582,green
Orange,61,0,1,65,31582,orange
Red,33,1,1,65,31582,red
Green,158,2,1,65,31582,green
Pink,341,3,1,65,31582,pink
Purple,289,4,1,65,31582,purple
Yellow,107,5,1,65,31582,yellow
Brown,85,6,1,65,31582,brown
Blue,241,7,1,65,31582,blue
Brown,99,0,0,66,31597,brown
Red,47,1,0,66,31597,red
Green,156,2,0,66,31597,green
Blue,228,3,0,66,31597,blue
Yellow,48,4,0,66,31597,yellow
Orange,74,5,0,66,31597,orange
Pink,343,6,0,66,31597,pink
Purple,285,7,0,66,31597,purple
Red,45,0,1,66,31597,red
Pink,354,1,1,66,31597,pink
Brown,91,2,1,66,31597,brown
Yellow,69,3,1,66,31597,yellow
Orange,62,4,1,66,31597,orange
Green,149,5,1,66,31597,green
Purple,317,6,1,66,31597,purple
Blue,235,7,1,66,31597,blue
Orange,68,0,0,67,31622,orange
Yellow,107,1,0,67,31622,yellow
Blue,243,2,0,67,31622,blue
Red,50,3,0,67,31622,red
Green,141,4,0,67,31622,green
Purple,281,5,0,67,31622,purple
Brown,96,6,0,67,31622,brown
Pink,347,7,0,67,31622,pink
Brown,95,0,1,67,31622,brown
Purple,279,1,1,67,31622,purple
Pink,345,2,1,67,31622,pink
Green,143,3,1,67,31622,green
Yellow,107,4,1,67,31622,yellow
Red,47,5,1,67,31622,red
Blue,240,6,1,67,31622,blue
Orange,69,7,1,67,31622,orange
Purple,281,0,0,68,31642,purple
Pink,343,1,0,68,31642,pink
Orange,64,2,0,68,31642,orange
Yellow,113,3,0,68,31642,yellow
Brown,100,4,0,68,31642,brown
Green,150,5,0,68,31642,green
Blue,227,6,0,68,31642,blue
Red,37,7,0,68,31642,red
Pink,335,0,1,68,31642,pink
Purple,272,1,1,68,31642,purple
Yellow,105,2,1,68,31642,yellow
Orange,61,3,1,68,31642,orange
Red,36,4,1,68,31642,red
Brown,97,5,1,68,31642,brown
Blue,235,6,1,68,31642,blue
Green,161,7,1,68,31642,green
Green,162,0,0,69,31662,green
Red,30,1,0,69,31662,red
Blue,253,2,0,69,31662,blue
Yellow,115,3,0,69,31662,yellow
Orange,73,4,0,69,31662,orange
Purple,281,5,0,69,31662,purple
Pink,342,6,0,69,31662,pink
Brown,106,7,0,69,31662,brown
Orange,74,0,1,69,31662,orange
Red,28,1,1,69,31662,red
Green,155,2,1,69,31662,green
Blue,257,3,1,69,31662,blue
Yellow,115,4,1,69,31662,yellow
Pink,347,5,1,69,31662,pink
Purple,279,6,1,69,31662,purple
Brown,105,7,1,69,31662,brown
Brown,54,0,0,70,31675,brown
Purple,290,1,0,70,31675,purple
Red,32,2,0,70,31675,red
Pink,6,3,0,70,31675,pink
Yellow,89,4,0,70,31675,yellow
Blue,222,5,0,70,31675,blue
Green,159,6,0,70,31675,green
Orange,48,7,0,70,31675,orange
Purple,297,0,1,70,31675,purple
Yellow,109,1,1,70,31675,yellow
Pink,335,2,1,70,31675,pink
Brown,79,3,1,70,31675,brown
Green,183,4,1,70,31675,green
Red,31,5,1,70,31675,red
Blue,231,6,1,70,31675,blue
Orange,48,7,1,70,31675,orange
Orange,78,0,0,71,31679,orange
Purple,294,1,0,71,31679,purple
Brown,100,2,0,71,31679,brown
Blue,240,3,0,71,31679,blue
Yellow,115,4,0,71,31679,yellow
Green,153,5,0,71,31679,green
Red,48,6,0,71,31679,red
Pink,315,7,0,71,31679,pink
Orange,62,0,1,71,31679,orange
Blue,233,1,1,71,31679,blue
Brown,107,2,1,71,31679,brown
Purple,281,3,1,71,31679,purple
Yellow,127,4,1,71,31679,yellow
Red,52,5,1,71,31679,red
Pink,333,6,1,71,31679,pink
Green,155,7,1,71,31679,green
Purple,293,0,0,72,31703,purple
Red,44,1,0,72,31703,red
Green,151,2,0,72,31703,green
Pink,352,3,0,72,31703,pink
Orange,80,4,0,72,31703,orange
Yellow,110,5,0,72,31703,yellow
Blue,234,6,0,72,31703,blue
Brown,99,7,0,72,31703,brown
Green,144,0,1,72,31703,green
Red,54,1,1,72,31703,red
Orange,79,2,1,72,31703,orange
Brown,114,3,1,72,31703,brown
Blue,208,4,1,72,31703,blue
Yellow,113,5,1,72,31703,yellow
Pink,339,6,1,72,31703,pink
Purple,286,7,1,72,31703,purple
Brown,98,0,0,73,31764,brown
Orange,67,1,0,73,31764,orange
Green,151,2,0,73,31764,green
Blue,243,3,0,73,31764,blue
Red,37,4,0,73,31764,red
Yellow,108,5,0,73,31764,yellow
Purple,282,6,0,73,31764,purple
Pink,338,7,0,73,31764,pink
Yellow,103,0,1,73,31764,yellow
Blue,241,1,1,73,31764,blue
Orange,72,2,1,73,31764,orange
Purple,285,3,1,73,31764,purple
Red,33,4,1,73,31764,red
Green,167,5,1,73,31764,green
Brown,95,6,1,73,31764,brown
Pink,341,7,1,73,31764,pink
Yellow,100,0,0,74,31765,yellow
Purple,276,1,0,74,31765,purple
Blue,248,2,0,74,31765,blue
Orange,62,3,0,74,31765,orange
Green,160,4,0,74,31765,green
Red,34,5,0,74,31765,red
Brown,110,6,0,74,31765,brown
Pink,347,7,0,74,31765,pink
Green,168,0,1,74,31765,green
Red,37,1,1,74,31765,red
Pink,353,2,1,74,31765,pink
Brown,88,3,1,74,31765,brown
Blue,240,4,1,74,31765,blue
Yellow,94,5,1,74,31765,yellow
Orange,61,6,1,74,31765,orange
Purple,275,7,1,74,31765,purple
Green,149,0,0,75,31799,green
Purple,286,1,0,75,31799,purple
Orange,57,2,0,75,31799,orange
Yellow,98,3,0,75,31799,yellow
Pink,352,4,0,75,31799,pink
Red,34,5,0,75,31799,red
Blue,221,6,0,75,31799,blue
Brown,89,7,0,75,31799,brown
Yellow,105,0,1,75,31799,yellow
Pink,359,1,1,75,31799,pink
Purple,285,2,1,75,31799,purple
Brown,86,3,1,75,31799,brown
Green,154,4,1,75,31799,green
Red,41,5,1,75,31799,red
Orange,68,6,1,75,31799,orange
Blue,225,7,1,75,31799,blue
Pink,343,0,0,76,31879,pink
Orange,71,1,0,76,31879,orange
Yellow,114,2,0,76,31879,yellow
Red,47,3,0,76,31879,red
Blue,231,4,0,76,31879,blue
Brown,89,5,0,76,31879,brown
Green,149,6,0,76,31879,green
Purple,271,7,0,76,31879,purple
Green,157,0,1,76,31879,green
Brown,104,1,1,76,31879,brown
Red,42,2,1,76,31879,red
Yellow,116,3,1,76,31879,yellow
Pink,331,4,1,76,31879,pink
Orange,64,5,1,76,31879,orange
Blue,234,6,1,76,31879,blue
Purple,271,7,1,76,31879,purple
Yellow,111,0,0,77,31978,yellow
Purple,274,1,0,77,31978,purple
Pink,338,2,0,77,31978,pink
Green,167,3,0,77,31978,green
Brown,90,4,0,77,31978,brown
Orange,65,5,0,77,31978,orange
Red,45,6,0,77,31978,red
Blue,240,7,0,77,31978,blue
Orange,59,0,1,77,31978,orange
Blue,243,1,1,77,31978,blue
Brown,90,2,1,77,31978,brown
Purple,277,3,1,77,31978,purple
Red,42,4,1,77,31978,red
Green,165,5,1,77,31978,green
Pink,342,6,1,77,31978,pink
Yellow,105,7,1,77,31978,yellow
Blue,236,0,0,78,32023,blue
Green,151,1,0,78,32023,green
Yellow,110,2,0,78,32023,yellow
Red,40,3,0,78,32023,red
Orange,63,4,0,78,32023,orange
Brown,84,5,0,78,32023,brown
Pink,350,6,0,78,32023,pink
Purple,280,7,0,78,32023,purple
Pink,352,0,1,78,32023,pink
Brown,101,1,1,78,32023,brown
Yellow,110,2,1,78,32023,yellow
Purple,283,3,1,78,32023,purple
Orange,63,4,1,78,32023,orange
Red,39,5,1,78,32023,red
Green,147,6,1,78,32023,green
Blue,223,7,1,78,32023,blue
Pink,2,0,0,79,32091,pink
Brown,92,1,0,79,32091,brown
Red,31,2,0,79,32091,red
Blue,236,3,0,79,32091,blue
Purple,274,4,0,79,32091,purple
Yellow,105,5,0,79,32091,yellow
Orange,72,6,0,79,32091,orange
Green,139,7,0,79,32091,green
Blue,232,0,1,79,32091,blue
Purple,269,1,1,79,32091,purple
Green,150,2,1,79,32091,green
Orange,77,3,1,79,32091,orange
Red,35,4,1,79,32091,red
Pink,343,5,1,79,32091,pink
Yellow,91,6,1,79,32091,yellow
Brown,92,7,1,79,32091,brown
Red,24,0,0,80,32190,red
Green,170,1,0,80,32190,green
Purple,278,2,0,80,32190,purple
Brown,84,3,0,80,32190,brown
Orange,61,4,0,80,32190,orange
Pink,328,5,0,80,32190,pink
Blue,249,6,0,80,32190,blue
Yellow,94,7,0,80,32190,yellow
Red,30,0,1,80,32190,red
Pink,337,1,1,80,32190,pink
Purple,299,2,1,80,32190,purple
Blue,247,3,1,80,32190,blue
Orange,50,4,1,80,32190,orange
Yellow,102,5,1,80,32190,yellow
Green,174,6,1,80,32190,green
Brown,107,7,1,80,32190,brown
Orange,71,0,0,81,32267,orange
Pink,337,1,0,81,32267,pink
Purple,275,2,0,81,32267,purple
Brown,89,3,0,81,32267,brown
Blue,251,4,0,81,32267,blue
Green,165,5,0,81,32267,green
Red,27,6,0,81,32267,red
Yellow,105,7,0,81,32267,yellow
Pink,329,0,1,81,32267,pink
Yellow,108,1,1,81,32267,yellow
Red,36,2,1,81,32267,red
Brown,94,3,1,81,32267,brown
Green,159,4,1,81,32267,green
Orange,61,5,1,81,32267,orange
Blue,248,6,1,81,32267,blue
Purple,285,7,1,81,32267,purple
Green,139,0,0,82,32350,green
Orange,69,1,0,82,32350,orange
Brown,107,2,0,82,32350,brown
Purple,277,3,0,82,32350,purple
Yellow,93,4,0,82,32350,yellow
Pink,25,5,0,82,32350,pink
Blue,229,6,0,82,32350,blue
Red,38,7,0,82,32350,red
Red,37,0,1,82,32350,red
Orange,64,1,1,82,32350,orange
Pink,16,2,1,82,32350,pink
Purple,302,3,1,82,32350,purple
Blue,214,4,1,82,32350,blue
Brown,85,5,1,82,32350,brown
Yellow,95,6,1,82,32350,yellow
Green,138,7,1,82,32350,green
Purple,280,0,0,83,32420,purple
Yellow,104,1,0,83,32420,yellow
Green,163,2,0,83,32420,green
Orange,81,3,0,83,32420,orange
Brown,93,4,0,83,32420,brown
Pink,339,5,0,83,32420,pink
Red,38,6,0,83,32420,red
Blue,235,7,0,83,32420,blue
Green,165,0,1,83,32420,green
Red,38,1,1,83,32420,red
Brown,86,2,1,83,32420,brown
Blue,240,3,1,83,32420,blue
Orange,62,4,1,83,32420,orange
Pink,343,5,1,83,32420,pink
Yellow,102,6,1,83,32420,yellow
Purple,280,7,1,83,32420,purple
Red,43,0,0,84,32430,red
Orange,74,1,0,84,32430,orange
Yellow,103,2,0,84,32430,yellow
Pink,324,3,0,84,32430,pink
Purple,286,4,0,84,32430,purple
Brown,97,5,0,84,32430,brown
Green,158,6,0,84,32430,green
Blue,238,7,0,84,32430,blue
Green,158,0,1,84,32430,green
Yellow,116,1,1,84,32430,yellow
Orange,68,2,1,84,32430,orange
Blue,242,3,1,84,32430,blue
Purple,289,4,1,84,32430,purple
Brown,94,5,1,84,32430,brown
Red,39,6,1,84,32430,red
Pink,352,7,1,84,32430,pink
Blue,233,0,0,85,32522,blue
Yellow,112,1,0,85,32522,yellow
Pink,334,2,0,85,32522,pink
Orange,54,3,0,85,32522,orange
Brown,90,4,0,85,32522,brown
Purple,276,5,0,85,32522,purple
Green,149,6,0,85,32522,green
Red,36,7,0,85,32522,red
Blue,246,0,1,85,32522,blue
Brown,98,1,1,85,32522,brown
Red,38,2,1,85,32522,red
Pink,318,3,1,85,32522,pink
Green,159,4,1,85,32522,green
Purple,275,5,1,85,32522,purple
Yellow,109,6,1,85,32522,yellow
Orange,67,7,1,85,32522,orange
Pink,345,0,0,86,32656,pink
Purple,297,1,0,86,32656,purple
Green,159,2,0,86,32656,green
Red,30,3,0,86,32656,red
Yellow,101,4,0,86,32656,yellow
Blue,233,5,0,86,32656,blue
Orange,56,6,0,86,32656,orange
Brown,83,7,0,86,32656,brown
Blue,235,0,1,86,32656,blue
Orange,57,1,1,86,32656,orange
Purple,283,2,1,86,32656,purple
Green,175,3,1,86,32656,green
Yellow,112,4,1,86,32656,yellow
Red,39,5,1,86,32656,red
Brown,82,6,1,86,32656,brown
Pink,347,7,1,86,32656,pink
Brown,87,0,0,87,33052,brown
Pink,335,1,0,87,33052,pink
Blue,231,2,0,87,33052,blue
Purple,287,3,0,87,33052,purple
Green,154,4,0,87,33052,green
Yellow,117,5,0,87,33052,yellow
Orange,59,6,0,87,33052,orange
Red,30,7,0,87,33052,red
Pink,348,0,1,87,33052,pink
Purple,288,1,1,87,33052,purple
Orange,58,2,1,87,33052,orange
Blue,239,3,1,87,33052,blue
Brown,91,4,1,87,33052,brown
Red,38,5,1,87,33052,red
Green,149,6,1,87,33052,green
Yellow,112,7,1,87,33052,yellow
Orange,66,0,0,88,33277,orange
Pink,324,1,0,88,33277,pink
Red,24,2,0,88,33277,red
Blue,242,3,0,88,33277,blue
Brown,103,4,0,88,33277,brown
Purple,274,5,0,88,33277,purple
Green,159,6,0,88,33277,green
Yellow,112,7,0,88,33277,yellow
Yellow,113,0,1,88,33277,yellow
Brown,102,1,1,88,33277,brown
Orange,72,2,1,88,33277,orange
Green,142,3,1,88,33277,green
Blue,235,4,1,88,33277,blue
Pink,328,5,1,88,33277,pink
Red,28,6,1,88,33277,red
Purple,274,7,1,88,33277,purple
Pink,344,0,0,89,33288,pink
Purple,261,1,0,89,33288,purple
Orange,70,2,0,89,33288,orange
Green,147,3,0,89,33288,green
Blue,239,4,0,89,33288,blue
Brown,104,5,0,89,33288,brown
Yellow,109,6,0,89,33288,yellow
Red,35,7,0,89,33288,red
Purple,266,0,1,89,33288,purple
Pink,340,1,1,89,33288,pink
Brown,82,2,1,89,33288,brown
Green,137,3,1,89,33288,green
Red,37,4,1,89,33288,red
Blue,231,5,1,89,33288,blue
Orange,58,6,1,89,33288,orange
Yellow,97,7,1,89,33288,yellow
Pink,349,0,0,90,33362,pink
Green,152,1,0,90,33362,green
Red,50,2,0,90,33362,red
Orange,72,3,0,90,33362,orange
Brown,98,4,0,90,33362,brown
Yellow,106,5,0,90,33362,yellow
Purple,274,6,0,90,33362,purple
Blue,240,7,0,90,33362,blue
Pink,348,0,1,90,33362,pink
Blue,230,1,1,90,33362,blue
Yellow,119,2,1,90,33362,yellow
Purple,269,3,1,90,33362,purple
Brown,107,4,1,90,33362,brown
Red,55,5,1,90,33362,red
Green,147,6,1,90,33362,green
Orange,65,7,1,90,33362,orange
Purple,276,0,0,91,33559,purple
Pink,331,1,0,91,33559,pink
Red,35,2,0,91,33559,red
Blue,234,3,0,91,33559,blue
Green,164,4,0,91,33559,green
Orange,70,5,0,91,33559,orange
Brown,87,6,0,91,33559,brown
Yellow,98,7,0,91,33559,yellow
Purple,279,0,1,91,33559,purple
Brown,96,1,1,91,33559,brown
Red,44,2,1,91,33559,red
Green,156,3,1,91,33559,green
Pink,341,4,1,91,33559,pink
Blue,236,5,1,91,33559,blue
Orange,80,6,1,91,33559,orange
Yellow,98,7,1,91,33559,yellow
Brown,90,0,0,92,33863,brown
Pink,354,1,0,92,33863,pink
Purple,287,2,0,92,33863,purple
Orange,57,3,0,92,33863,orange
Red,35,4,0,92,33863,red
Yellow,117,5,0,92,33863,yellow
Green,169,6,0,92,33863,green
Blue,239,7,0,92,33863,blue
Red,16,0,1,92,33863,red
Green,166,1,1,92,33863,green
Brown,102,2,1,92,33863,brown
Orange,67,3,1,92,33863,orange
Purple,299,4,1,92,33863,purple
Pink,345,5,1,92,33863,pink
Blue,243,6,1,92,33863,blue
Yellow,127,7,1,92,33863,yellow
Pink,352,0,0,93,34239,pink
Blue,234,1,0,93,34239,blue
Green,166,2,0,93,34239,green
Purple,274,3,0,93,34239,purple
Orange,71,4,0,93,34239,orange
Yellow,99,5,0,93,34239,yellow
Red,47,6,0,93,34239,red
Brown,95,7,0,93,34239,brown
Pink,2,0,1,93,34239,pink
Green,157,1,1,93,34239,green
Red,40,2,1,93,34239,red
Brown,96,3,1,93,34239,brown
Yellow,97,4,1,93,34239,yellow
Blue,240,5,1,93,34239,blue
Orange,67,6,1,93,34239,orange
Purple,271,7,1,93,34239,purple
Green,150,0,0,94,34830,green
Purple,302,1,0,94,34830,purple
Yellow,91,2,0,94,34830,yellow
Red,22,3,0,94,34830,red
Orange,69,4,0,94,34830,orange
Pink,319,5,0,94,34830,pink
Brown,52,6,0,94,34830,brown
Blue,246,7,0,94,34830,blue
Brown,51,0,1,94,34830,brown
Pink,341,1,1,94,34830,pink
Purple,301,2,1,94,34830,purple
Yellow,85,3,1,94,34830,yellow
Blue,240,4,1,94,34830,blue
Red,32,5,1,94,34830,red
Green,139,6,1,94,34830,green
Orange,80,7,1,94,34830,orange
Pink,334,0,0,95,35055,pink
Purple,284,1,0,95,35055,purple
Red,29,2,0,95,35055,red
Blue,235,3,0,95,35055,blue
Yellow,96,4,0,95,35055,yellow
Green,150,5,0,95,35055,green
Brown,105,6,0,95,35055,brown
Orange,61,7,0,95,35055,orange
Green,162,0,1,95,35055,green
Red,49,1,1,95,35055,red
Brown,109,2,1,95,35055,brown
Blue,232,3,1,95,35055,blue
Purple,284,4,1,95,35055,purple
Pink,348,5,1,95,35055,pink
Yellow,110,6,1,95,35055,yellow
Orange,79,7,1,95,35055,orange
